"Status","Start Time","Stop Time","Duration in ms","Parent Suite","Suite","Sub Suite","Test Class","Test Method","Name","Description"
"passed","Tue Mar 16 22:29:54 CST 2021","Tue Mar 16 22:29:54 CST 2021","19","","test_calculator","TestCal","","","test_add[minus]",""
"passed","Tue Mar 16 22:29:54 CST 2021","Tue Mar 16 22:29:54 CST 2021","85","","test_calculator","TestCal","","","test_add[bigint]",""
"passed","Tue Mar 16 22:29:54 CST 2021","Tue Mar 16 22:29:54 CST 2021","1","","test_calculator","TestCal","","","test_random",""
"passed","Tue Mar 16 22:29:54 CST 2021","Tue Mar 16 22:29:54 CST 2021","0","","test_calculator","TestCal","","","test_div[中文int]",""
"passed","Tue Mar 16 22:29:54 CST 2021","Tue Mar 16 22:29:54 CST 2021","0","","test_calculator","TestCal","","","test_div[minus]",""
"passed","Tue Mar 16 22:29:54 CST 2021","Tue Mar 16 22:29:54 CST 2021","0","","test_calculator","TestCal","","","test_sub[中文int]",""
"passed","Tue Mar 16 22:29:54 CST 2021","Tue Mar 16 22:29:54 CST 2021","0","","test_calculator","TestCal","","","test_mul[minus]",""
"passed","Tue Mar 16 22:29:54 CST 2021","Tue Mar 16 22:29:54 CST 2021","0","","test_calculator","TestCal","","","test_sub[minus]",""
"passed","Tue Mar 16 22:29:54 CST 2021","Tue Mar 16 22:29:54 CST 2021","0","","test_calculator","TestCal","","","test_div[bigint]",""
"passed","Tue Mar 16 22:29:54 CST 2021","Tue Mar 16 22:29:54 CST 2021","0","","test_calculator","TestCal","","","test_mul[中文int]",""
"passed","Tue Mar 16 22:29:54 CST 2021","Tue Mar 16 22:29:54 CST 2021","0","","test_calculator","TestCal","","","test_sub[bigint]",""
"passed","Tue Mar 16 22:29:54 CST 2021","Tue Mar 16 22:29:54 CST 2021","17","","test_calculator","TestCal","","","test_add[中文int]",""
"passed","Tue Mar 16 22:29:54 CST 2021","Tue Mar 16 22:29:54 CST 2021","0","","test_calculator","TestCal","","","test_mul[bigint]",""
